Country Name,Country Code,Series Name,Series Code,2000 [YR2000],2001 [YR2001],2002 [YR2002],2003 [YR2003],2004 [YR2004],2005 [YR2005],2006 [YR2006],2007 [YR2007],2008 [YR2008],2009 [YR2009],2010 [YR2010],2011 [YR2011],2012 [YR2012],2013 [YR2013],2014 [YR2014],2015 [YR2015],2016 [YR2016],2017 [YR2017],2018 [YR2018],2019 [YR2019],2020 [YR2020],2021 [YR2021],2022 [YR2022],2023 [YR2023]
Viet Nam,VNM,"Labor force participation rate, female (% of female population ages 15+) (modeled ILO estimate)",SL.TLF.CACT.FE.ZS,69.974,71.493,70.833,70.353,70.098,70.381,70.727,71.138,71.55,71.906,71.731,71.715,71.983,72.906,73.059,72.863,72.53,72.575,72.897,71.511,69.095,69.107,69.878,69.215
Viet Nam,VNM,"Labor force participation rate, male (% of male population ages 15+) (modeled ILO estimate)",SL.TLF.CACT.MA.ZS,77.088,78.609,78.296,78.157,78.21,78.453,78.814,79.286,80.008,80.566,81.233,81.466,81.067,81.962,81.945,82.417,81.789,82.197,82.408,82.088,80.025,78.712,79.432,78.201
Viet Nam,VNM,"School enrollment, tertiary, female (% gross)",SE.TER.ENRR.FE,7.78798007965088,7.90968990325928,8.26686954498291,8.61293983459473,..,13.1124296188354,16.3564395904541,18.7052593231201,19.3841209411621,20.7121391296387,23.2656794979267,25.413021309933,13.326012783029,23.9315381184031,31.758766376301,29.4365366202641,31.9215031225633,27.4448664101479,..,..,..,41.0590994828712,45.3703223280821,36.0774676873689
Viet Nam,VNM,"School enrollment, tertiary, male (% gross)",SE.TER.ENRR.MA,10.6749696731567,10.6626796722412,10.8212003707886,11.1974401473999,..,18.5904598236084,17.2463092803955,19.1955394744873,20.7396697998047,22.3181705474854,24.6012868669488,26.327851040583,38.1735756369855,27.2970135163244,30.9115450924686,30.0066478469738,26.3157973289288,24.4948645754524,..,..,..,42.8379016583449,44.145253554546,29.6371360595075
Viet Nam,VNM,"Vulnerable employment, female (% of female employment) (modeled ILO estimate)",SL.EMP.VULN.FE.ZS,78.6268956810731,75.656328929661,76.710296355605,76.0406628100982,72.9894982180066,72.4841189155503,71.9783889358818,71.4725290860975,70.2459553273467,69.0999606099727,69.6245944373709,69.3019278357077,69.0605176266538,68.9425911396866,68.0894684416707,63.7713486578569,62.2479321836169,61.0703837595963,59.3167451340316,58.8132152839077,58.5551621447612,58.4300842242505,58.4158052279424,57.9900494249051
Viet Nam,VNM,"Wage and salaried workers, female (% of female employment) (modeled ILO estimate)",SL.EMP.WORK.FE.ZS,18.458847884301,20.476479803629,20.2541539773554,21.0651631549746,24.2955107311736,24.7615576967845,25.2327122232266,25.7065104580914,26.6864775712474,27.676435140376,28.1337398953577,28.8424113569106,29.2474518285275,29.5368195011334,30.6856265045215,34.3378763704897,35.8960332582333,37.7999673650905,39.4823093200264,39.8666607244977,39.8596706015475,40.4784001491795,40.576815575783,40.950421783493
Viet Nam,VNM,Proportion of seats held by women in national parliaments (%),SG.GEN.PARL.ZS,26,26,27.3092369477912,27.3092369477912,27.3092369477912,27.3092369477912,27.3092369477912,25.7606490872211,25.7606490872211,25.7606490872211,25.7606490872211,24.4,24.4,24.4,24.2971887550201,24.2971887550201,26.7206477732794,26.7206477732794,26.7206477732794,26.7206477732794,26.7206477732794,30.2605210420842,30.2605210420842,30.2605210420842
Viet Nam,VNM,Female share of employment in senior and middle management (%),SL.EMP.SMGT.FE.ZS,..,..,..,..,..,..,..,16.327,..,..,8.255,10.982,12.935,8.129,11.23,13.572,15.306,14.547,14.825,14.565,22.725,15.513,17.074,21.826
Viet Nam,VNM,"Share of youth not in education, employment or training, female (% of female youth population)",SL.UEM.NEET.FE.ZS,..,..,..,..,..,..,..,12.367,..,12.882,10.694,10.782,11.655,12.326,12.168,12.623,11.84,12.013,10.631,15.085,16.022,16.276,12.384,11.759
Viet Nam,VNM,"Share of youth not in education, employment or training, male (% of male youth population)",SL.UEM.NEET.MA.ZS,..,..,..,..,..,..,..,8.917,..,7.711,5.856,5.925,7.399,7.845,7.452,7.295,7.206,7.512,6.001,11.521,12.463,13.651,9.832,9.947
Viet Nam,VNM,GDP per capita (constant 2015 US$),NY.GDP.PCAP.KD,1212.19657794381,1273.8052690094,1340.51670460271,1418.74337471509,1510.94449049599,1609.96268313651,1699.67620343393,1788.9485028957,1856.00519883979,1927.13427057454,2027.58184375924,2132.90453762087,2224.11404253256,2320.08431444934,2439.28655744423,2577.56885340113,2715.57887431272,2868.13680013379,3048.28327602145,3241.07648966529,3303.16949807493,3358.21734764714,3617.66311465012,3775.46375555802
Viet Nam,VNM,GDP per capita growth (annual %),NY.GDP.PCAP.KD.ZG,5.58792950410756,5.08240100546193,5.23717692306222,5.83556100746738,6.49878740751187,6.55339711441117,5.57239749946528,5.25231213341748,3.74838603993047,3.83237459567542,5.21227683604808,5.1944977799937,4.27630507146044,4.31498880369921,5.13784099364456,5.66896478541561,5.35427097241221,5.61787865063133,6.28095828201967,6.32464886581907,1.91581434772165,1.66651604176819,7.7256990880817,4.36194957647844
Viet Nam,VNM,"Industry (including construction), value added (% of GDP)",NV.IND.TOTL.ZS,36.7307753268455,38.1294216644677,38.4866787864761,39.4700078083864,40.2087495299221,38.1311399002846,38.5847310338981,38.5116248479069,37.0776963788801,37.3881863793419,33.0228771360005,34.580408780539,35.8602323946766,35.575150437736,35.2985684880333,34.2665466382117,34.1152288612372,35.3903640729728,36.5424334086447,36.8031368977554,36.7437132938801,37.3915192469302,38.4823612398341,37.5815697548824
Singapore,SGP,"Labor force participation rate, female (% of female population ages 15+) (modeled ILO estimate)",SL.TLF.CACT.FE.ZS,52.122,52.55,51.499,52.266,52.641,53.705,55.06,53.634,56.089,55.628,57.128,57.787,58.543,58.607,59.811,61.305,61.313,60.807,60.889,61.822,61.72,64.409,62.921,63.299
Singapore,SGP,"Labor force participation rate, male (% of male population ages 15+) (modeled ILO estimate)",SL.TLF.CACT.MA.ZS,77.96,77.817,77.328,76.902,76.352,76.5,76.76,76.695,76.309,76.567,76.767,76.193,76.541,76.077,76.467,77,76.518,76.523,75.796,75.658,75.207,76.542,76.093,75.077
Singapore,SGP,"School enrollment, tertiary, female (% gross)",SE.TER.ENRR.FE,..,..,..,..,..,..,..,..,..,..,94.8673212691715,98.3739506072214,105.310905467206,..,..,..,90.5745224304781,91.1969710792811,95.417817614672,97.0900106709222,98.270054517134,102.329468912554,103.249422302202,102.127991350812
Singapore,SGP,"School enrollment, tertiary, male (% gross)",SE.TER.ENRR.MA,..,..,..,..,..,..,..,..,..,..,91.7639860808382,93.7421786771663,98.9005470222827,..,..,..,77.8587744398723,78.9388531207259,82.9129967776584,85.5780775478494,88.3773156081459,92.1900666285229,93.1417006367603,92.7966960331169
Singapore,SGP,"Vulnerable employment, female (% of female employment) (modeled ILO estimate)",SL.EMP.VULN.FE.ZS,7.10596051207405,7.29739490043517,6.86308032716614,6.9415216991776,6.99641200498682,7.08775455246966,7.16957658658578,7.22823837878035,6.97848681237594,7.07459791450773,6.40368051836309,7.03313931045434,6.94156435446799,6.1580605220783,6.58254762868004,5.54222215645946,5.66412307548263,5.76119661213841,5.84165191538119,5.96275465531953,6.33530933052759,6.68122462004367,6.32776375724315,6.01562978527354
Singapore,SGP,"Wage and salaried workers, female (% of female employment) (modeled ILO estimate)",SL.EMP.WORK.FE.ZS,90.5829880939051,90.6102157972735,90.6678114012592,90.5574468033315,90.3871683125014,90.1649230713528,89.9584528491587,90.0664099327603,90.2226823701687,90.2111114907056,90.5903579549944,89.7278527149266,89.412255309999,89.7324493029761,90.2021111341015,90.994628826776,91.1040629187709,91.2270639284045,91.3602471072479,91.4589735152891,91.338973336869,91.1393232289735,91.0772016925635,92.2587423202601
Singapore,SGP,Proportion of seats held by women in national parliaments (%),SG.GEN.PARL.ZS,4.3010752688172,11.7647058823529,11.7647058823529,15.9574468085106,15.9574468085106,15.9574468085106,21.1764705882353,24.468085106383,24.468085106383,23.4042553191489,23.4042553191489,22.2222222222222,24.2424242424242,24.2424242424242,25.2525252525253,23.9130434782609,23.7623762376238,23,23,23,29.4736842105263,29.8076923076923,29.126213592233,29.126213592233
Singapore,SGP,Female share of employment in senior and middle management (%),SL.EMP.SMGT.FE.ZS,..,..,..,..,..,..,..,..,..,..,..,..,..,..,..,..,..,..,..,..,..,38.545,40.646,39.807
Singapore,SGP,"Share of youth not in education, employment or training, female (% of female youth population)",SL.UEM.NEET.FE.ZS,..,..,..,..,..,..,..,..,..,..,..,..,..,4.8,4.9,4.7,5.2,5.5,5.6,5.17,5.58,7.288,5.619,5.912
Singapore,SGP,"Share of youth not in education, employment or training, male (% of male youth population)",SL.UEM.NEET.MA.ZS,..,..,..,..,..,..,..,..,..,..,..,..,..,2.8,2.5,2.7,2.9,3.6,3.1,3.19,3.41,7.78,7.555,7.528
Singapore,SGP,GDP per capita (constant 2015 US$),NY.GDP.PCAP.KD,34890.0811365168,33597.8690808226,34598.8267483781,36709.7965038255,39856.6356222613,41798.4880834671,44159.4101820552,46178.8139470199,44601.5799302699,43331.8746638962,48752.0515441859,50713.5326393594,51679.352717333,53298.9728558286,54681.9336458253,55645.6068614606,56986.7853102911,59485.3015873921,61250.3476672302,61345.5291820062,59189.70385743,67731.2610711717,68218.805333562,66167.3596303607
Singapore,SGP,GDP per capita growth (annual %),NY.GDP.PCAP.KD.ZG,7.16598820156491,-3.70366595204537,2.97922962062731,6.10127554555405,8.5722052915981,4.87209326850753,5.64834329383781,4.57298627096552,-3.41549269446281,-2.84677194924208,12.5085215498552,4.02338164865897,1.90446223662212,3.13397914899265,2.59472315486744,1.76232468638902,2.41021443466256,4.38437834929044,2.96719699276471,0.15539750940367,-3.51423380533573,14.4308159309526,0.719821622511958,-3.00715571486563
Singapore,SGP,"Industry (including construction), value added (% of GDP)",NV.IND.TOTL.ZS,32.4585044954973,30.3796610759446,30.7456754181249,30.2248029160952,31.8858938554669,31.4076522049802,30.8942965496098,28.2257709638809,26.4153381596662,27.0163193688262,26.6358717243037,25.2595925808817,25.0222021555412,23.4427286283197,24.1685192477514,24.2880229055028,23.2029524941107,23.4966352857041,25.3804206689349,24.07072940872,23.24167197361,24.6140715989737,23.84052179209,22.1459950271664
Malaysia,MYS,"Labor force participation rate, female (% of female population ages 15+) (modeled ILO estimate)",SL.TLF.CACT.FE.ZS,40.593,41.052,41.471,41.868,42.255,42.637,43.027,43.436,43.866,44.31,44.792,45.295,47.029,48.76,50.475,50.83,50.986,51.285,51.625,51.783,51.371,51.371,51.597,51.592
Malaysia,MYS,"Labor force participation rate, male (% of male population ages 15+) (modeled ILO estimate)",SL.TLF.CACT.MA.ZS,77.675,77.52,77.299,77.095,76.918,76.791,76.734,76.748,76.829,76.967,77.122,77.254,77.556,77.855,78.146,78.196,77.822,77.714,78.068,78.444,78.053,78.364,79.348,79.306
Malaysia,MYS,"School enrollment, tertiary, female (% gross)",SE.TER.ENRR.FE,28.8742008209229,30.1860408782959,33.040470123291,37.2695503234863,34.4758605957031,31.806489944458,31.803430557251,34.3667984008789,38.4592590332031,40.7257385253906,43.1949462902931,41.3590168181122,43.2930500802723,45.3599493093105,45.8097147200288,52.4177910183718,51.5270260861918,47.9160265205655,50.3532516763836,48.4906218464001,47.2760564169745,45.2424409799554,43.6954292890075,44.304019878896
Malaysia,MYS,"School enrollment, tertiary, male (% gross)",SE.TER.ENRR.MA,26.2992992401123,23.9254398345947,25.1016006469727,25.7180194854736,25.4699897766113,22.8281097412109,23.8985500335693,24.8225898742676,27.8260707855225,29.8598003387451,30.6639834756536,30.2280387193009,30.9367805914645,31.5293802627605,31.8326489595231,37.1951864333357,40.1123858047382,37.4691314138237,37.2784823195711,34.209677479616,33.2329934825694,32.0071354262667,31.0331221435143,30.9802092564091
Malaysia,MYS,"Vulnerable employment, female (% of female employment) (modeled ILO estimate)",SL.EMP.VULN.FE.ZS,18.8566154607672,18.5234944848229,18.2029439000527,17.8793074526094,17.5251392702719,17.1685762859379,16.804723037924,16.4281620994306,16.0572920031658,15.9096324598338,15.8290738892087,15.738344359355,15.7435338822684,15.7008016558088,15.6421519710019,15.5264866455721,15.3880413782877,15.2605935075401,15.1437448870267,15.0144535784723,15.0991095546495,15.0120238240871,15.2251233818454,15.1487847717975
Malaysia,MYS,"Wage and salaried workers, female (% of female employment) (modeled ILO estimate)",SL.EMP.WORK.FE.ZS,78.895801895386,79.2069661755089,79.4877610075228,79.7649740204261,80.0709877263687,80.3868479969933,80.71007182559,81.0457586557204,81.3765909678253,81.5177199709009,81.5500463191938,81.6075111377972,81.5710268090499,81.5816982201783,81.6032558253301,81.6960703914671,81.811448516275,81.908755020194,82.0028847752219,82.1109229209112,82.0267242870478,82.113403472582,81.6366407446935,81.6931121551563
Malaysia,MYS,Proportion of seats held by women in national parliaments (%),SG.GEN.PARL.ZS,10.3626943005181,10.3626943005181,10.3626943005181,10.4712041884817,9.1324200913242,9.1324200913242,9.1324200913242,10.0456621004566,10.8108108108108,9.90990990990991,9.90990990990991,10.4072398190045,10.4072398190045,10.3603603603604,10.3603603603604,10.3603603603604,10.3603603603604,10.3603603603604,13.9013452914798,14.4144144144144,14.8648648648649,14.8648648648649,13.5746606334842,13.5135135135135
Malaysia,MYS,Female share of employment in senior and middle management (%),SL.EMP.SMGT.FE.ZS,23.222,..,..,..,..,..,..,..,..,..,..,..,..,..,..,..,..,..,..,..,..,..,..,..
Malaysia,MYS,"Share of youth not in education, employment or training, female (% of female youth population)",SL.UEM.NEET.FE.ZS,23.422,..,..,..,..,..,..,..,..,..,..,19.36,18.65,18.52,17.27,..,15.25,15.09,16.08,15.04,14.75,11.61,10.57,..
Malaysia,MYS,"Share of youth not in education, employment or training, male (% of male youth population)",SL.UEM.NEET.MA.ZS,14.319,..,..,..,..,..,..,..,..,..,..,9.68,9.56,9.14,8.62,..,8.42,8.8,9.14,8.1,12.6,7.09,9.91,..
Malaysia,MYS,GDP per capita (constant 2015 US$),NY.GDP.PCAP.KD,6455.61419792583,6334.92795651698,6516.90671560155,6732.92049458099,7025.34558004381,7234.02442689141,7469.8106921211,7769.59693350488,7976.11785374773,7700.46111294033,8118.92270511981,8400.32248683558,8710.52671359902,8964.80724896203,9341.73055971278,9648.6797937523,9901.47960179812,10293.7629205362,10610.1950240479,10902.9834855856,10171.4657842762,10388.2667120857,11191.6511756943,11445.3925275079
Malaysia,MYS,GDP per capita growth (annual %),NY.GDP.PCAP.KD.ZG,6.33603610574379,-1.86947729075297,2.87262555049826,3.31466734765901,4.34321310786574,2.97037127170485,3.25940653936949,4.01330440274728,2.65806478779189,-3.45602642616269,5.43424070379723,3.46597439015295,3.69276569143121,2.91923259894287,4.20447757863825,3.28578556272301,2.62004557566016,3.96186564548185,3.07401779071937,2.75950122381441,-6.7093351308522,2.13146199778431,7.73357563754043,2.26723785284469
Malaysia,MYS,"Industry (including construction), value added (% of GDP)",NV.IND.TOTL.ZS,48.3205714911013,46.2026949988513,45.1153796974529,46.5786626994835,48.5303176049683,46.3683224854575,46.5156572562267,44.5959960321039,45.1050654004356,40.9678238412473,40.4989323548818,39.8242687277964,40.1350010090069,39.8853736547897,39.9244244845871,38.4497222119902,37.6832749440922,38.114672270307,38.2914253580498,37.4765336887335,35.9347266201835,37.6826861838931,38.974240550053,37.5648573322214
Thailand,THA,"Labor force participation rate, female (% of female population ages 15+) (modeled ILO estimate)",SL.TLF.CACT.FE.ZS,65.596,65.255,65.107,64.99,64.808,65.23,64.281,64.808,64.867,64.659,63.685,65.806,65.071,61.78,61.447,61.068,60.17,59.351,59.569,58.9,59.106,59.18,59.576,60.311
Thailand,THA,"Labor force participation rate, male (% of male population ages 15+) (modeled ILO estimate)",SL.TLF.CACT.MA.ZS,81.711,82.222,81.804,81.408,81.607,81.207,81.062,81.31,81.259,81.394,80.008,81.009,80.969,78.584,78.585,77.922,76.921,76.179,76.527,75.485,75.454,75.251,75.318,75.858
Thailand,THA,"School enrollment, tertiary, female (% gross)",SE.TER.ENRR.FE,..,41.5280685424805,42.3868103027344,44.2152099609375,45.9651298522949,47.2623100280762,45.9497489929199,52.8669204711914,51.1026306152344,51.2793807983398,52.9227687141615,58.9831326097932,57.5308348897401,57.0199391242802,57.1756516312605,53.7092451288539,57.4214006652236,55.0749782401459,53.9808588108715,52.1112881079867,49.2478167092024,49.9275516782207,49.6871101465991,52.2406320377059
Thailand,THA,"School enrollment, tertiary, male (% gross)",SE.TER.ENRR.MA,..,36.4081687927246,37.9279098510742,38.1856384277344,38.4449615478516,41.510440826416,42.4674911499023,42.449348449707,41.7971305847168,41.3404083251953,40.1148189626345,46.5298727570924,44.0106343490639,42.4324111938477,42.7297498546235,37.8268590418986,41.3514140037504,39.9166488235337,38.5089070976094,38.0210252010671,36.0897893869241,37.1726929390098,37.0712790825077,38.8285696857321
Thailand,THA,"Vulnerable employment, female (% of female employment) (modeled ILO estimate)",SL.EMP.VULN.FE.ZS,64.5602244210539,59.2332320612817,59.7776190993601,58.8619686851748,55.974502293328,56.3180448599575,56.1144173500424,60.2988906362804,56.6310342551917,55.6706779935488,55.2605286248221,57.3771055799638,57.7830269722808,58.8599592397652,51.6638371537794,50.6842538371384,49.8553345257404,49.2677285428577,50.2319103780552,48.8518782709111,49.2790345135863,51.3311605697728,50.0993634711066,50.0432137716942
Thailand,THA,"Wage and salaried workers, female (% of female employment) (modeled ILO estimate)",SL.EMP.WORK.FE.ZS,34.2497282864475,39.4596005511373,38.8417897229379,39.7150812372335,42.5242133198824,42.2025738568605,42.3405300666696,37.4945010336785,42.0983571728094,42.8714671345477,43.2381315426795,41.43876275818,40.8539283644126,39.1779500224129,46.7028810885833,47.8041619036969,48.7255359865742,49.3444138587011,48.3880062957198,49.7357354598332,49.3635814923997,47.3617359461358,48.5491115445514,48.5726720437673
Thailand,THA,Proportion of seats held by women in national parliaments (%),SG.GEN.PARL.ZS,4.81283422459893,9.2,9.2,9.2,8.83002207505519,10.6,8.67768595041322,11.7400419287212,11.6666666666667,13.3192389006343,13.3192389006343,15.8,15.8,15.8,6.09137055837564,6.09137055837564,6.09137055837564,4.8,5.28455284552846,16.2,15.7464212678937,15.7464212678937,15.7464212678937,18.8376753507014
Thailand,THA,Female share of employment in senior and middle management (%),SL.EMP.SMGT.FE.ZS,18.242,..,..,..,..,..,..,21.028,..,..,24.345,..,..,27.089,29.374,29.832,29.533,30.76,30.87,30.959,33.212,32.044,33.126,34.694
Thailand,THA,"Share of youth not in education, employment or training, female (% of female youth population)",SL.UEM.NEET.FE.ZS,13.064,..,..,..,..,..,..,13.048,..,19.99,17.69,17.81,18.78,20.055,17.889,18.008,19.398,19.685,18.915,18.607,18.528,18.237,16.374,15.546
Thailand,THA,"Share of youth not in education, employment or training, male (% of male youth population)",SL.UEM.NEET.MA.ZS,7.643,..,..,..,..,..,..,7.236,..,7.69,7.57,7.52,7.18,8.942,8.834,9.253,10.621,11.573,10.743,11.245,11.83,11.36,10.336,9.396
Thailand,THA,GDP per capita (constant 2015 US$),NY.GDP.PCAP.KD,3514.71662970608,3599.02524877358,3783.75422073266,4018.15538187068,4232.77157261934,4372.25730206261,4551.5250018314,4760.66708464831,4805.76393990836,4737.45679763314,5059.35747831657,5070.23740191942,5403.87846036273,5516.61164164135,5541.46599361845,5688.85335397884,5857.78052935926,6076.74307700082,6314.19948412043,6434.53770518034,6035.18627737077,6121.52696529713,6278.7855138276,6408.41432577294
Thailand,THA,GDP per capita growth (annual %),NY.GDP.PCAP.KD.ZG,3.28023479514871,2.39873161764822,5.13275009732257,6.19493623168337,5.34116205951062,3.29537578511341,4.10011779691514,4.5949892120282,0.947280170156503,-1.42135866699509,6.79479928649167,0.215045559628464,6.58038336266074,2.08615316028128,0.45053655380589,2.65971785318402,2.96944155296718,3.73797800283087,3.90762624173355,1.90583495758329,-6.20637326420599,1.43062175645008,2.56894316437668,2.06455231923211
Thailand,THA,"Industry (including construction), value added (% of GDP)",NV.IND.TOTL.ZS,36.6694083813627,36.3210034946673,36.8944314471526,37.9181748920386,37.9023024950671,38.5052107116361,39.146855883906,39.4313718771557,39.4796129651304,38.6085988884387,39.9217256985357,37.9813982711097,37.343694137461,36.8985884648101,36.7630403655124,36.1791773262667,35.586765405076,35.018759526322,34.7424896675041,33.5939105133265,33.2907229678575,35.0317119667993,35.1217577031461,32.9804093286492
Indonesia,IDN,"Labor force participation rate, female (% of female population ages 15+) (modeled ILO estimate)",SL.TLF.CACT.FE.ZS,51.67,49.986,48.048,47.846,47.236,46.082,46.008,49.839,50.387,50.3,50.973,50.989,51.49,50.714,50.64,50.772,50.949,51.943,53.131,53.949,53.203,52.069,52.562,53.487
Indonesia,IDN,"Labor force participation rate, male (% of male population ages 15+) (modeled ILO estimate)",SL.TLF.CACT.MA.ZS,84.135,84.568,84.198,83.771,84.377,82.96,82.633,82.805,82.532,81.952,82.337,82.974,83.469,82.919,82.719,82.488,81.772,81.529,82.251,82.6,81.673,79.741,81.549,82.382
Indonesia,IDN,"School enrollment, tertiary, female (% gross)",SE.TER.ENRR.FE,13.9490804672241,12.2964897155762,13.718469619751,14.1100702285767,14.4632501602173,..,16.2031497955322,17.7361507415771,19.9365501403809,22.5412197113037,22.4019892604013,23.6617768904453,30.2814797483833,32.0561594083682,32.1127656778979,34.5220912776747,37.2604595362436,38.5952407318475,38.8659567828988,39.5239845592779,40.8939254732285,44.0458339836419,46.6107282434441,49.8897505872353
Indonesia,IDN,"School enrollment, tertiary, male (% gross)",SE.TER.ENRR.MA,15.6476097106934,15.8927698135376,15.6141195297241,17.3745098114014,17.8238506317139,..,17.3072395324707,17.4241199493408,21.0785808563232,22.8383102416992,24.3812912235057,26.3263558953544,27.8649952992931,27.8404698064134,27.9738756598721,30.4981659300184,32.5202001733187,33.4663266882317,33.5640873664656,35.2283379088062,35.5680901166469,37.3788928461553,38.2511438594208,40.1195230358183
Indonesia,IDN,"Vulnerable employment, female (% of female employment) (modeled ILO estimate)",SL.EMP.VULN.FE.ZS,71.7996590846655,69.7675499080651,69.7331344660393,71.0592314898645,70.1970389117688,66.4922644227352,65.9555786983109,67.2159119496263,66.4827088095547,66.0731858867296,64.7904598911398,62.6462104315459,60.2809213465718,59.7744378000599,59.7269812506535,57.8559088277519,57.5331028504608,57.8010492124261,58.4650355443516,58.3628061244486,59.3853555594798,58.8732198859135,59.2340057573253,59.387017673277
Indonesia,IDN,"Wage and salaried workers, female (% of female employment) (modeled ILO estimate)",SL.EMP.WORK.FE.ZS,27.1376025610064,29.2815779076037,29.3168438913662,28.0285481831005,28.8328314750838,32.4435927892242,33.0275091398335,31.5596779438818,32.2509840331678,32.7283895411525,33.9622913772744,35.8216707022264,38.0459856705705,38.5502433596324,38.5559774072616,40.4285390648648,40.7890081687242,40.5473794642422,39.7411242366004,39.8584401719043,38.9338992171531,39.4301676065629,39.0185850174309,38.7839352450078
Indonesia,IDN,Proportion of seats held by women in national parliaments (%),SG.GEN.PARL.ZS,8,8,8,8,11.2727272727273,11.2727272727273,11.2727272727273,11.6363636363636,11.6363636363636,17.8571428571429,18.0357142857143,18.2142857142857,18.5714285714286,18.5714285714286,16.9369369369369,17.1171171171171,17.1171171171171,19.8214285714286,19.8214285714286,17.3913043478261,20.3478260869565,21.0434782608696,21.9130434782609,21.5652173913044
Indonesia,IDN,Female share of employment in senior and middle management (%),SL.EMP.SMGT.FE.ZS,..,..,..,..,..,..,..,15.815,16.442,18.063,19.429,..,..,..,..,..,..,..,..,..,..,..,..,24.823
Indonesia,IDN,"Share of youth not in education, employment or training, female (% of female youth population)",SL.UEM.NEET.FE.ZS,38.472,39.457,40.7,41.208,41.23,40.637,39.493,39.374,36.831,35.949,34.721,33.748,31.006,30.369,29.524,29.412,29.103,28.03,27.859,26.116,26.807,26.096,27.189,26.323
Indonesia,IDN,"Share of youth not in education, employment or training, male (% of male youth population)",SL.UEM.NEET.MA.ZS,19.961,19.73,21.313,21.519,21.557,23.043,21.701,21.054,19.709,19.612,18.741,18.195,15.079,15.591,15.381,16.629,16.082,15.271,15.8,15.084,16.89,18.889,17.675,16.694
Indonesia,IDN,GDP per capita (constant 2015 US$),NY.GDP.PCAP.KD,1828.10265968361,1868.59172307292,1926.37435868149,1991.91820506473,2065.70617470842,2155.4478015921,2244.0802226202,2355.1528565328,2464.60193418272,2546.21969707767,2670.8129098953,2799.62468790318,2930.518445323,3055.24246006469,3170.72103011429,3288.22269725538,3416.81005170972,3553.51999262321,3701.32155461912,3850.90321738979,3739.44906563161,3850.68877253903,4024.91225288391,4192.65167890692
Indonesia,IDN,GDP per capita growth (annual %),NY.GDP.PCAP.KD.ZG,3.4278636272189,2.21481343921472,3.09230929876641,3.40244595178829,3.7043674512371,4.3443558422024,4.11201890218061,4.94958392275811,4.64721758277069,3.31160021271401,4.89326246908787,4.82294276512758,4.67540374198676,4.25603923226443,3.77968595157438,3.70583428895539,3.91054275495577,4.00109865179923,4.15930013909383,4.0413041818536,-2.89423403981894,2.97476192227879,4.52447576618876,4.16753001019646
Indonesia,IDN,"Industry (including construction), value added (% of GDP)",NV.IND.TOTL.ZS,41.9690746433564,47.8935007853871,47.7453311592597,43.7495660917608,44.6276159754602,46.5410588710711,46.9435587410796,46.7991415207073,48.0607447690172,47.6521225811621,42.7758663362749,43.9134234267133,43.5937444233376,42.6356774375889,41.9283421270033,40.0478624042506,39.3084439802081,39.3791548040237,39.7297374523848,38.9517679950779,38.2383937187942,39.8448191919686,41.4292641760979,40.2156823106794
Philippines,PHL,"Labor force participation rate, female (% of female population ages 15+) (modeled ILO estimate)",SL.TLF.CACT.FE.ZS,47.176,47.148,47.108,47.034,46.711,47.449,47.6,47.605,47.063,47.866,48.119,48.935,48.459,48.338,49.121,48.67,48.19,45.045,45.532,46.566,42.675,44.203,50.38,50.445
Philippines,PHL,"Labor force participation rate, male (% of male population ages 15+) (modeled ILO estimate)",SL.TLF.CACT.MA.ZS,75.719,75.696,75.673,75.627,76.732,76.113,75.638,75.333,75.514,75.452,75.164,75.915,75.367,74.881,75.539,74.436,75.275,73.525,72.705,72.591,67.07,69,72.739,72.641
Philippines,PHL,"School enrollment, tertiary, female (% gross)",SE.TER.ENRR.FE,..,30.3209400177002,32.4361801147461,30.9651603698731,30.1653099060059,28.8131008148193,29.4652309417725,..,30.427770614624,29.7430095672607,31.269762641133,32.6842752204727,33.1844648171482,36.1084692595744,38.6201723309521,41.0613047431901,43.5571209645523,38.286150336618,31.8172905767181,33.6724362657156,34.9776942092469,38.0290931957121,44.8304989112463,50.9499907329313
Philippines,PHL,"School enrollment, tertiary, male (% gross)",SE.TER.ENRR.MA,..,27.0657005310059,24.4886703491211,23.6990604400635,23.130069732666,22.9996604919434,23.2131404876709,..,24.0170707702637,23.6401290893555,24.4408875516527,25.6713262527915,26.2935182382807,27.9004118525101,29.4342465163638,31.0182503926315,33.4151070319383,29.2897323063218,24.5466556895257,26.5245528357297,28.3358038010199,29.2642161028574,32.0541368625707,37.6196734791632
Philippines,PHL,"Vulnerable employment, female (% of female employment) (modeled ILO estimate)",SL.EMP.VULN.FE.ZS,48.5839529439996,48.4509557174471,48.9076229319221,47.7868948069903,46.1383304117334,47.3590248997554,46.969261017048,45.955629715392,45.8338270734466,45.2344315118972,44.2456288592339,44.1155720468703,42.7036534206691,41.6830175119537,42.3219288133567,40.764500062556,40.4137357212369,38.4908164861984,37.6220588259052,37.6167410562026,39.4359150187354,38.8306602913587,40.2766841971442,39.9612493529426
Philippines,PHL,"Wage and salaried workers, female (% of female employment) (modeled ILO estimate)",SL.EMP.WORK.FE.ZS,48.0620513261209,48.191523552062,47.7948136110277,48.9484174278194,50.6777948612485,49.5306279914969,50.0034844848425,50.9254525459154,51.1611291776132,51.7263461283618,52.8539555797587,53.0658286117581,54.4227402949734,55.7094801920478,55.2092173507024,56.7838932563453,57.1350943414053,58.6707113704993,59.48201361019,59.8706870062784,58.3761720677112,58.9657591850898,57.8750782169865,58.2043749051076
Philippines,PHL,Proportion of seats held by women in national parliaments (%),SG.GEN.PARL.ZS,11.2612612612613,17.7570093457944,17.7570093457944,17.7570093457944,15.2542372881356,15.2542372881356,15.2542372881356,20.5020920502092,20.5020920502092,20.9737827715356,22.1428571428571,22.887323943662,22.887323943662,27.3356401384083,27.3356401384083,27.2413793103448,29.7945205479452,29.4520547945205,29.4520547945205,27.9605263157895,27.9605263157895,27.9605263157895,27.3311897106109,27.3311897106109
Philippines,PHL,Female share of employment in senior and middle management (%),SL.EMP.SMGT.FE.ZS,..,..,..,..,..,..,..,38.78,41.676,42.764,42.203,41.168,42.157,43.01,41.759,42.722,23.854,23.245,25.509,29.31,35.429,37.965,41.323,43.164
Philippines,PHL,"Share of youth not in education, employment or training, female (% of female youth population)",SL.UEM.NEET.FE.ZS,..,..,..,..,..,..,32.175,32.394,32.601,32.532,32.767,32.241,32.791,31.835,30.773,29.446,29.896,29.15,26.317,24.798,25.296,21.049,15.65,15.554
Philippines,PHL,"Share of youth not in education, employment or training, male (% of male youth population)",SL.UEM.NEET.MA.ZS,..,..,..,..,..,..,18.477,18.991,18.394,18.659,19.329,18.051,18.272,18.189,17.512,17.704,16.058,15.79,14.758,14.193,17.682,14.541,10.396,9.326
Philippines,PHL,GDP per capita (constant 2015 US$),NY.GDP.PCAP.KD,1793.34761146436,1807.70892524758,1837.25429286854,1892.82161995051,1978.34489133113,2037.8776605946,2110.42044781284,2209.34651083329,2264.9462907288,2256.72554835463,2373.14312064664,2416.75212064542,2533.74141964959,2654.41506933978,2776.92005909479,2909.85818010301,3076.3374186759,3247.4503878362,3410.93647976109,3575.88170922922,3198.66690008413,3350.97587587776,3577.70136573244,3744.69763802928
Philippines,PHL,GDP per capita growth (annual %),NY.GDP.PCAP.KD.ZG,1.9282797124846,0.800810377832349,1.63440956717702,3.02447664962099,4.51829535753411,3.00922096669444,3.55972238279863,4.68750495300476,2.51657128580275,-0.362955289837316,5.15869430276467,1.83760514144211,4.8407653397621,4.76266633818079,4.61514068278228,4.7872505574235,5.7212148588973,5.56223020665776,5.03429067114457,4.83577546655691,-10.5488615065624,4.76163916254069,6.76595410569132,4.66769736279124
Philippines,PHL,"Industry (including construction), value added (% of GDP)",NV.IND.TOTL.ZS,34.9752847681216,34.8976152580491,34.78343526285,34.5405640298629,33.6186962072883,33.8136763053241,33.4625853303804,33.000860932449,32.765288410954,31.5225426812628,32.3395560456604,31.3386827828469,31.3994933632444,30.7754466314331,31.0474444753394,30.4819509834967,30.2859171672694,30.1265505767725,30.5637401548214,30.3275078794624,28.3999175850521,28.8898091185459,29.2212399364338,28.1976225091774
Cambodia,KHM,"Labor force participation rate, female (% of female population ages 15+) (modeled ILO estimate)",SL.TLF.CACT.FE.ZS,77.834,77.074,76.315,75.559,75.325,75.101,74.887,74.683,71.971,77.375,81.275,81.841,78.356,74.402,74.39,73.417,75.918,76.417,76.845,77.289,77.09,73.711,77.173,77.22
Cambodia,KHM,"Labor force participation rate, male (% of male population ages 15+) (modeled ILO estimate)",SL.TLF.CACT.MA.ZS,83.469,84.32,85.158,85.985,86.653,87.302,87.936,88.551,86.695,87.158,88.589,89.397,88.07,86.589,86.745,86.354,88.076,86.849,87.432,88.011,87.833,85.799,87.927,87.885
Cambodia,KHM,"School enrollment, tertiary, female (% gross)",SE.TER.ENRR.FE,0.903339982032776,1.05134999752045,1.31751000881195,..,1.9096599817276,2.37378001213074,3.95321989059448,5.02929019927979,6.00997018814087,7.66751003265381,9.13068008422852,9.23761654669515,..,..,..,12.0145785041136,..,12.1344359974038,13.1598079499194,14.5145863362757,14.7938127420907,13.6561596079933,13.7625064842526,18.7855793507951
Cambodia,KHM,"School enrollment, tertiary, male (% gross)",SE.TER.ENRR.MA,2.90040993690491,2.96337008476257,3.40274000167847,..,4.25398015975952,5.16561985015869,8.42107963562012,10.317569732666,11.8730802536011,13.6643695831299,15.2214498519897,13.6887918793213,..,..,..,15.1867156107376,..,12.8981590226799,13.3747621730465,11.3454330995231,12.9473038915107,13.3444704361961,15.4474004503566,16.1011763576224
Cambodia,KHM,"Vulnerable employment, female (% of female employment) (modeled ILO estimate)",SL.EMP.VULN.FE.ZS,66.3483326093135,64.7936422479317,64.5168037525444,64.2689848189942,63.9610972562402,63.7154915461806,63.4281163822979,63.2218977052011,63.064497996064,62.5357346194084,62.090882485576,61.7564446338619,61.5538545860396,61.3367716509706,61.0358611537945,60.7378097608698,60.3743852303016,59.9962396604976,59.6610507829453,59.3597660201241,59.267199148468,58.8859659426115,58.8747049599323,58.6517352524884
Cambodia,KHM,"Wage and salaried workers, female (% of female employment) (modeled ILO estimate)",SL.EMP.WORK.FE.ZS,31.5859987986635,33.2501440446691,33.4810710451515,33.7060566105584,33.9709600806362,34.2120518079404,34.4576248691215,34.6671174735631,34.8692110124919,35.3750657967651,35.7894186548157,36.1004386198569,36.2982681925227,36.4899753436433,36.7642358686857,37.0243627269213,37.3409706543881,37.6774109627408,37.9495949857407,38.2113619383892,38.0037540335074,38.3700033944611,38.3644637426102,38.6166952372508
Cambodia,KHM,Proportion of seats held by women in national parliaments (%),SG.GEN.PARL.ZS,7.37704918032787,7.37704918032787,7.37704918032787,9.75609756097561,9.75609756097561,9.75609756097561,9.75609756097561,19.5121951219512,16.260162601626,21.1382113821138,21.1382113821138,20.3252032520325,20.3252032520325,20.3252032520325,20.3252032520325,20.3252032520325,20.3252032520325,20.3252032520325,20,20,20,21.6,20.8,13.6
Cambodia,KHM,Female share of employment in senior and middle management (%),SL.EMP.SMGT.FE.ZS,15.359,10.556,..,17.318,..,..,..,27.65,18.695,17.485,12.802,14.639,16.673,22.47,15.887,25.094,33.142,20.152,..,29.234,24.532,24.619,..,23.571
Cambodia,KHM,"Share of youth not in education, employment or training, female (% of female youth population)",SL.UEM.NEET.FE.ZS,13.473,8.269,..,13.729,..,..,..,11.546,12.703,10.7,8.149,7.549,15.194,10.262,9.735,10.763,10.026,9.762,..,12.592,7.252,8.114,..,8.342
Cambodia,KHM,"Share of youth not in education, employment or training, male (% of male youth population)",SL.UEM.NEET.MA.ZS,7.045,3.926,..,6.997,..,..,..,4.44,4.358,3.67,2.588,2.711,10.263,2.51,3.096,2.567,2.984,3.328,..,10.043,4.101,4.27,..,4.333
Cambodia,KHM,GDP per capita (constant 2015 US$),NY.GDP.PCAP.KD,598.561915252147,632.833573980849,662.188341283454,719.333494240509,775.847139030978,866.340290123209,947.065220050691,1030.23117620792,1090.57475806147,1117.25834194514,1155.85236856699,1221.38839852454,1295.25271477893,1376.29557595926,1464.53115866927,1547.32010444393,1645.46671578126,1753.93530504662,1884.28374817086,2008.32094006706,1908.63427518336,1938.76436741728,2011.27433313262,2085.05748462122
Cambodia,KHM,GDP per capita growth (annual %),NY.GDP.PCAP.KD.ZG,8.25832877301973,5.72566644409127,4.63862356700642,8.62974314019115,7.85639001144227,11.6637861428805,9.31792401297673,8.78143916559131,5.85728555368171,2.44674504763958,3.45435117133705,5.66993084409259,6.04756982656951,6.25691498312409,6.41109251902618,5.652931676093,6.34300627617029,6.59196495590379,7.43177030242717,6.58272364852731,-4.96368199399319,1.57862051550094,3.74000920039251,3.66847775428445
Cambodia,KHM,"Industry (including construction), value added (% of GDP)",NV.IND.TOTL.ZS,21.6455986512559,23.2646257907737,25.3793058382166,26.3428745441044,27.6802685813967,27.4192470160455,29.0700225848228,28.1400350776131,26.0495966887473,25.5665162922046,26.0088985136981,26.6606926732023,27.6110297650086,28.9581198037895,29.9169916479613,31.4639051712341,33.0562094608004,34.2980809169165,36.8714237524226,39.0455946521572,37.4576122779361,40.3205085730071,40.8649626222158,40.5173741615592
Lao PDR,LAO,"Labor force participation rate, female (% of female population ages 15+) (modeled ILO estimate)",SL.TLF.CACT.FE.ZS,58.658,58.503,58.343,58.182,58.012,57.826,57.604,57.421,57.24,57.075,56.892,56.731,56.58,56.437,56.311,56.202,56.106,56.02,57.066,58.125,58.68,60.323,61.37,61.407
Lao PDR,LAO,"Labor force participation rate, male (% of male population ages 15+) (modeled ILO estimate)",SL.TLF.CACT.MA.ZS,64.878,64.877,64.871,64.859,64.84,64.811,64.761,64.706,64.638,64.563,64.462,64.354,64.234,64.101,63.962,63.824,63.685,63.542,64.911,66.29,67.147,68.92,70.642,70.585
Lao PDR,LAO,"School enrollment, tertiary, female (% gross)",SE.TER.ENRR.FE,1.82859003543854,2.26731991767883,2.94503998756409,3.49166011810303,4.30999994277954,6.36629009246826,7.14925003051758,9.50275993347168,11.4731597900391,14.40505027771,14.475640296936,14.8946694010488,15.7861364549263,17.7961753129667,17.853631047193,17.8083221104104,17.1474893352804,15.8843137478738,15.1543085945674,14.6763594753094,13.5463160686123,13.3323283839577,13.8471889323409,12.6891498565674
Lao PDR,LAO,"School enrollment, tertiary, male (% gross)",SE.TER.ENRR.MA,3.43586993217468,3.79923009872436,5.13418006896973,6.05785989761353,6.80589008331299,8.79510974884033,10.3705701828003,12.9686098098755,14.6368503570557,17.9707698822021,18.7980308532715,20.035423428615,18.843254754219,20.0273349288083,19.1263068663464,18.5012162681195,17.0296794752275,14.9480502786115,13.8557656502131,12.8285905545158,11.6035761841354,11.5705332050467,13.5127752678245,17.0260696411133
Lao PDR,LAO,"Vulnerable employment, female (% of female employment) (modeled ILO estimate)",SL.EMP.VULN.FE.ZS,91.2349809542109,90.7819658706094,90.2991825701641,89.8119791848863,89.3297480888552,88.8362443180839,88.2983792681798,87.9149153849384,87.5171993962491,87.0937135072012,86.5384311432139,86.0249034895163,85.517690551597,85.154914852955,84.7947799914866,84.4118138842021,83.9702044487004,83.5156858867731,83.1286430375192,82.7722883817635,82.3531726988051,81.9840240519619,81.9801097104643,81.7504101021048
Lao PDR,LAO,"Wage and salaried workers, female (% of female employment) (modeled ILO estimate)",SL.EMP.WORK.FE.ZS,8.42106452961987,8.86877227153007,9.33765973467387,9.8135056548291,10.3015609714602,10.7765698904797,11.2428301667595,11.6517974735733,12.0754818379008,12.5154981762611,13.005491543164,13.4827382140228,13.9466744057733,14.3541755892199,14.752367829264,15.1522497245896,15.566120199645,16.0136018022,16.3886045451876,16.7465001832439,17.0746746857338,17.4115232339797,17.4193195334569,17.6870056350896
Lao PDR,LAO,Proportion of seats held by women in national parliaments (%),SG.GEN.PARL.ZS,21.2121212121212,21.2121212121212,22.9357798165138,22.9357798165138,22.9357798165138,22.9357798165138,25.2173913043478,25.2173913043478,25.2173913043478,25.2173913043478,25.2173913043478,25,25,25,25,25,27.5167785234899,27.5167785234899,27.5167785234899,27.5167785234899,27.5167785234899,21.9512195121951,21.9512195121951,21.9512195121951
Lao PDR,LAO,Female share of employment in senior and middle management (%),SL.EMP.SMGT.FE.ZS,..,..,..,..,..,..,..,..,..,..,..,..,..,..,..,..,..,23.411,..,..,..,..,25.681,..
Lao PDR,LAO,"Share of youth not in education, employment or training, female (% of female youth population)",SL.UEM.NEET.FE.ZS,..,..,..,..,..,..,..,..,..,..,5.891,..,..,..,..,7.142,..,27.876,..,..,..,..,24.614,..
Lao PDR,LAO,"Share of youth not in education, employment or training, male (% of male youth population)",SL.UEM.NEET.MA.ZS,..,..,..,..,..,..,..,..,..,..,4.337,..,..,..,..,6.396,..,23.605,..,..,..,..,20.392,..
Lao PDR,LAO,GDP per capita (constant 2015 US$),NY.GDP.PCAP.KD,917.228038617529,954.123505414634,994.492241963795,1038.71192767783,1088.76034728831,1148.68153852071,1228.08927619923,1301.08597549864,1381.73754223953,1463.3379666846,1564.91068311647,1666.40086189871,1774.63585203672,1890.27861294875,2006.31195444447,2121.01339097363,2234.76098741846,2351.57441747595,2459.97874636195,2554.95638019245,2529.74622698761,2556.58912640405,2589.05015191628,2648.88726608035
Lao PDR,LAO,GDP per capita growth (annual %),NY.GDP.PCAP.KD.ZG,4.03726532497247,4.02249661411516,4.23097600258968,4.44645858943204,4.81831567317876,5.50361623488958,6.91294627933061,5.94392449426221,6.19878841672832,5.90563851314371,6.94116593325336,6.48536557882839,6.49513527103458,6.51642199042166,6.13842534644749,5.71702901311374,5.36288912313843,5.2271106715724,4.60986171989208,3.86091278109465,-0.986715601107164,1.06109059992194,1.2697005231296,2.31116087572821
Lao PDR,LAO,"Industry (including construction), value added (% of GDP)",NV.IND.TOTL.ZS,16.4770694017999,16.9937147919347,18.3826897329941,20.1201441501939,19.3595097686057,23.2287895606829,26.1754512486046,25.3930205228552,26.9497231702456,25.163093788149,30.4660210858755,30.815970194642,32.4366446720109,30.4277075542967,28.815000545489,27.6933442499915,28.7595046372574,30.91247539947,31.533192488879,31.531381987864,32.4163678323352,34.1299777246213,34.1089797342112,30.5335808308347
Myanmar,MMR,"Labor force participation rate, female (% of female population ages 15+) (modeled ILO estimate)",SL.TLF.CACT.FE.ZS,56.2,55.683,55.154,54.568,54.022,53.504,53.031,52.622,52.281,51.95,51.675,51.532,51.346,51.14,50.951,50.799,49.229,47.659,48.438,46.289,44.726,41.042,41.071,41.051
Myanmar,MMR,"Labor force participation rate, male (% of male population ages 15+) (modeled ILO estimate)",SL.TLF.CACT.MA.ZS,78.689,78.89,79.073,79.246,79.375,79.462,79.507,79.513,79.483,79.427,79.362,79.32,79.251,79.157,79.051,78.951,77.864,76.736,76.629,75.071,75.973,69.716,69.755,69.736
Myanmar,MMR,"School enrollment, tertiary, female (% gross)",SE.TER.ENRR.FE,..,..,..,..,..,..,..,13.046799659729,..,..,..,16.8034896850586,15.4824600219727,..,..,..,..,..,24.3676490783691,..,..,..,..,..
Myanmar,MMR,"School enrollment, tertiary, male (% gross)",SE.TER.ENRR.MA,..,..,..,..,..,..,..,9.12821006774902,..,..,..,11.939040184021,12.0584402084351,..,..,..,..,..,16.5399894714356,..,..,..,..,..
Myanmar,MMR,"Vulnerable employment, female (% of female employment) (modeled ILO estimate)",SL.EMP.VULN.FE.ZS,75.9416274218793,75.1488937081883,74.3063746806429,73.4513429491719,72.6050147508588,71.7819916312274,71.0102232268085,70.2826034825344,69.6098804129921,69.014215671636,68.4770439004776,67.9508842416562,67.5222477184158,67.1507187768801,66.7926463083988,66.4394731948103,66.2216413653317,66.0812786815491,65.4533223336576,64.7499092060532,64.4377136507283,63.7744847009008,64.0671437689436,64.0236071583783
Myanmar,MMR,"Wage and salaried workers, female (% of female employment) (modeled ILO estimate)",SL.EMP.WORK.FE.ZS,23.2827887637092,24.0351350903923,24.8325825913588,25.6412959528508,26.4427972426582,27.222693946462,27.9546771584592,28.6454607308241,29.2829965974915,29.848762861627,30.3599303572403,30.8560505071679,31.2606886210342,31.6119638751597,31.9520622034995,32.2931970402614,32.5042698479649,32.6394532463771,32.8060595131054,34.1648970898234,34.2588882399474,34.9149673705831,34.6260194438192,34.6694878258813
Myanmar,MMR,Proportion of seats held by women in national parliaments (%),SG.GEN.PARL.ZS,..,..,..,..,..,..,..,..,..,..,4.29447852760736,3.54430379746835,6.03248259860789,6.03248259860789,5.59440559440559,12.6934984520124,9.93071593533487,10.161662817552,10.161662817552,11.3163972286374,16.8253968253968,15.2941176470588,..,..
Myanmar,MMR,Female share of employment in senior and middle management (%),SL.EMP.SMGT.FE.ZS,..,..,..,..,..,..,..,..,..,..,..,..,..,..,33.75,28.339,..,31.477,32.062,34.144,40.969,..,..,..
Myanmar,MMR,"Share of youth not in education, employment or training, female (% of female youth population)",SL.UEM.NEET.FE.ZS,..,..,..,..,..,..,..,..,..,..,..,..,..,..,36.811,25.221,..,22.893,17.893,19.32,20.72,..,..,..
Myanmar,MMR,"Share of youth not in education, employment or training, male (% of male youth population)",SL.UEM.NEET.MA.ZS,..,..,..,..,..,..,..,..,..,..,..,..,..,..,19.725,11.19,..,9.67,7.266,7.79,8.884,..,..,..
Myanmar,MMR,GDP per capita (constant 2015 US$),NY.GDP.PCAP.KD,298.590464510138,328.973872713504,364.855800197477,411.498764127557,463.33013572168,522.099544791815,586.085579935448,651.729730899198,714.620419027129,785.634853168658,854.932478027749,895.512538762631,953.123081936485,1024.69060474658,1099.24387751605,1166.73305547935,1225.37913972668,1290.56409027458,1361.56831265985,1440.98988238708,1301.3138635245,1136.99566055698,1174.76697947364,1177.76649647177
Myanmar,MMR,GDP per capita growth (annual %),NY.GDP.PCAP.KD.ZG,12.482374612359,10.1756123569494,10.9072271265814,12.7839447542935,12.5957538910265,12.6841326603106,12.2555240244746,11.2004378218927,9.64981113277751,9.93736426370333,8.82058943535873,4.74658078594661,6.43324807639843,7.50873881521075,7.27568618509038,6.13960007817474,5.02652118853597,5.31957403505668,5.50179746363222,5.83309474734135,-9.69306034482335,-12.627100008178,3.32202841461704,0.255328677987336
Myanmar,MMR,"Industry (including construction), value added (% of GDP)",NV.IND.TOTL.ZS,9.69226113586128,10.5804943321805,13.0068954922166,14.2582573952557,16.3663619555986,17.512204636055,19.2372930203744,20.4091296662276,22.6658154224732,24.5320050982062,26.4680642743774,31.2916488307023,32.3730207966326,32.3622196006021,34.4897147952325,34.4688212621502,34.8095048832944,36.8009211203558,36.9634615021809,38.4126110918443,37.5439155484288,37.3108899934826,38.2471357653023,37.5929250362669
Timor-Leste,TLS,"Labor force participation rate, female (% of female population ages 15+) (modeled ILO estimate)",SL.TLF.CACT.FE.ZS,64.178,63.704,64.124,64.217,64.064,63.842,64.044,63.514,62.926,62.385,61.928,61.703,61.579,61.507,61.365,61.298,61.26,61.479,61.62,61.034,60.457,61.212,61.166,60.774
Timor-Leste,TLS,"Labor force participation rate, male (% of male population ages 15+) (modeled ILO estimate)",SL.TLF.CACT.MA.ZS,74.886,74.439,74.892,74.99,74.88,74.775,75.063,74.687,74.187,73.67,73.196,72.954,72.804,72.696,72.492,72.381,72.31,72.563,72.717,71.92,71.327,71.685,71.911,72.338
Timor-Leste,TLS,"School enrollment, tertiary, female (% gross)",SE.TER.ENRR.FE,..,..,9.393630027771,..,..,..,..,..,..,13.4439296722412,14.8118801116943,..,..,..,..,..,..,..,..,..,..,..,..,31.5507306442772
Timor-Leste,TLS,"School enrollment, tertiary, male (% gross)",SE.TER.ENRR.MA,..,..,7.51551008224487,..,..,..,..,..,..,19.4860897064209,20.5141696929932,..,..,..,..,..,..,..,..,..,..,..,..,30.3830980746799
Timor-Leste,TLS,"Vulnerable employment, female (% of female employment) (modeled ILO estimate)",SL.EMP.VULN.FE.ZS,64.8328565270212,64.9196865393774,65.0666067855044,65.4503875626196,65.9058585757773,66.1347192125464,66.1907417073981,66.1313987137332,65.9009108583154,65.7194342031805,65.6330944569159,65.3995866164451,65.3833422453085,65.1920315422232,65.3434778868487,65.2899056529638,65.4203223831871,65.5730250928332,65.5720343525033,64.8655293401895,64.2109584252903,63.7537967391684,63.9099205489076,64.8641577708093
Timor-Leste,TLS,"Wage and salaried workers, female (% of female employment) (modeled ILO estimate)",SL.EMP.WORK.FE.ZS,19.0038013873104,19.2081222669611,19.2396853597163,19.0818524671977,18.9037626628075,18.816493431765,18.7823280975656,18.8399241462099,19.0152300951668,19.1909923554416,19.350069072699,19.5323729684926,19.622641509434,19.7099418205863,19.7020674625553,19.7513971774473,19.6870768488806,19.6160069897961,19.5584597112709,19.8630707814883,19.2814960229882,19.7329578295259,19.765981777821,19.547057457965
Timor-Leste,TLS,Proportion of seats held by women in national parliaments (%),SG.GEN.PARL.ZS,..,..,26.1363636363636,26.1363636363636,25.2873563218391,25.2873563218391,25.2873563218391,29.2307692307692,29.2307692307692,29.2307692307692,29.2307692307692,32.3076923076923,38.4615384615385,38.4615384615385,38.4615384615385,38.4615384615385,38.4615384615385,32.3076923076923,33.8461538461538,38.4615384615385,38.4615384615385,38.4615384615385,40,36.9230769230769
Timor-Leste,TLS,Female share of employment in senior and middle management (%),SL.EMP.SMGT.FE.ZS,..,..,..,..,..,..,..,..,..,..,8.58,..,..,32.98,..,27.491,24.515,..,..,..,..,13.274,22.395,..
Timor-Leste,TLS,"Share of youth not in education, employment or training, female (% of female youth population)",SL.UEM.NEET.FE.ZS,..,..,..,..,..,..,..,34.166,..,..,22.614,..,..,19.516,..,24.482,25.695,..,..,..,..,32.565,29.192,..
Timor-Leste,TLS,"Share of youth not in education, employment or training, male (% of male youth population)",SL.UEM.NEET.MA.ZS,..,..,..,..,..,..,..,18.389,..,..,15.673,..,..,14.01,..,17.545,16.233,..,..,..,..,29.828,29.053,..
Timor-Leste,TLS,GDP per capita (constant 2015 US$),NY.GDP.PCAP.KD,1117.56432347244,1192.74796357529,1028.13194386616,964.322543048225,955.470489028291,964.026656178075,897.573801807644,961.848415522858,1042.86833768293,1120.09693594876,1195.38066079604,1237.48380284894,1269.41625561248,1281.92864043187,1312.96494988639,1319.59295003154,1333.65856117568,1267.08661597675,1237.2006590123,1507.24743550088,1947.83992943521,2015.82035757039,1579.71085276403,1279.21122757564
Timor-Leste,TLS,GDP per capita growth (annual %),NY.GDP.PCAP.KD.ZG,77.0895736636832,6.72745528143174,-13.8014085738351,-6.20634357279006,-0.917955727961413,0.895492560789137,-6.89325901359257,7.16092800232913,8.42335661758385,7.40540253023865,6.72117942930667,3.52215352261622,2.58043399760261,0.985680210416689,2.42106373753114,0.50481165896521,1.06590529631157,-4.99167831534328,-2.35863567554246,21.8272415651768,29.2315968537651,3.49004182057652,-21.6343437136427,-19.0224448140371
Timor-Leste,TLS,"Industry (including construction), value added (% of GDP)",NV.IND.TOTL.ZS,16.0859533086706,13.180799429851,11.9202405343952,10.1751433861072,5.49680073339855,5.29247593737281,5.03931378115436,5.31519604811852,7.70251167026116,10.0345846512573,9.13730561255393,12.9857431156539,12.7911410611587,20.1062137855102,16.979297360775,18.3707616020673,19.2291160430386,15.7805274141176,16.4990210288231,30.4131457216274,36.7520096715526,62.1863324414617,54.5122451931824,23.8680417124592
Brunei Darussalam,BRN,"Labor force participation rate, female (% of female population ages 15+) (modeled ILO estimate)",SL.TLF.CACT.FE.ZS,54.851,55.678,55.83,55.963,56.076,56.173,56.255,56.329,56.426,56.589,56.829,57.074,57.224,57.304,57.355,57.383,57.411,57.458,57.72,55.057,54.472,54.791,53.7,54.827
Brunei Darussalam,BRN,"Labor force participation rate, male (% of male population ages 15+) (modeled ILO estimate)",SL.TLF.CACT.MA.ZS,79.738,79.276,78.904,78.497,78.076,77.653,77.209,76.621,75.975,75.479,75.148,74.883,74.516,74.04,73.519,72.971,72.432,71.94,74.021,73.255,72.176,71.79,73.105,73.359
Brunei Darussalam,BRN,"School enrollment, tertiary, female (% gross)",SE.TER.ENRR.FE,18.8005504608154,19.9043502807617,19.1461696624756,19.7554893493652,21.3829402923584,21.5910606384277,21.4085807800293,21.3645801544189,22.2322902679443,22.3758201599121,20.9251731837179,23.1569425599276,29.3582157487483,31.8638424889501,39.9378700256348,37.9300498962402,37.6065483093262,40.9387222946545,36.2713402529635,36.2713402529635,37.4743690490723,35.2920922759096,39.8634180218763,44.5215869311552
Brunei Darussalam,BRN,"School enrollment, tertiary, male (% gross)",SE.TER.ENRR.MA,8.88776016235352,10.1060199737549,9.72105979919434,9.44229030609131,9.6946496963501,9.63123989105225,9.72441005706787,10.3176803588867,10.1058797836304,11.5545902252197,10.49844082562,12.4440729632725,15.7313388478875,16.1741990134038,21.5795192718506,20.744649887085,21.1032104492188,23.149725534734,21.024220803605,20.7420610722829,22.2981605529785,20.7587548638132,23.6294800605755,29.1590445826582
Brunei Darussalam,BRN,"Vulnerable employment, female (% of female employment) (modeled ILO estimate)",SL.EMP.VULN.FE.ZS,4.59360609448729,4.66862847755051,4.64641529844887,4.5530542279567,4.50623045307921,4.51437476148073,4.53091437313595,4.65319267408088,4.75785397905606,5.05828238386378,5.17349019825469,5.17643883678564,5.25308014314577,5.37148789825449,5.43041286452684,5.8305316110114,6.23215269776064,6.62026525725487,5.92661131266892,8.80085442804881,8.30694245138305,6.83059463293533,4.93569360732761,6.33642789444235
Brunei Darussalam,BRN,"Wage and salaried workers, female (% of female employment) (modeled ILO estimate)",SL.EMP.WORK.FE.ZS,93.2308741874965,93.1414850788034,93.1446617695811,93.2160167530779,93.243929197164,93.2181020226434,93.1758124584692,93.0518141732757,92.9321521809275,92.6389920575967,92.4998959475021,92.4674448417785,92.379204246834,92.258776198819,92.1893944228192,91.9120806896029,91.6399478984019,91.3884443121053,91.4278409505953,89.1993419921923,89.2486021079717,91.1277928833195,93.5515637606189,90.9641099425622
Brunei Darussalam,BRN,Proportion of seats held by women in national parliaments (%),SG.GEN.PARL.ZS,..,..,..,..,..,..,..,..,..,..,..,..,..,..,..,..,6.45161290322581,9.09090909090909,9.09090909090909,9.09090909090909,9.09090909090909,9.09090909090909,9.09090909090909,11.7647058823529
Brunei Darussalam,BRN,Female share of employment in senior and middle management (%),SL.EMP.SMGT.FE.ZS,..,..,..,..,..,..,..,..,..,..,..,..,..,..,32.512,..,..,36.97,34.551,32.262,37.43,41.142,32.511,38.99
Brunei Darussalam,BRN,"Share of youth not in education, employment or training, female (% of female youth population)",SL.UEM.NEET.FE.ZS,..,..,..,..,..,..,..,..,..,..,..,..,..,..,19.146,..,..,19.945,23.259,21.968,22.763,19.982,20.926,18.913
Brunei Darussalam,BRN,"Share of youth not in education, employment or training, male (% of male youth population)",SL.UEM.NEET.MA.ZS,..,..,..,..,..,..,..,..,..,..,..,..,..,..,15.398,..,..,19.986,18.627,18.603,20.3,17.494,19.191,14.356
Brunei Darussalam,BRN,GDP per capita (constant 2015 US$),NY.GDP.PCAP.KD,37509.5983847742,37269.3099216587,37976.2627573601,38595.1688513702,37948.6590825194,37312.2778797122,38229.3565684183,36174.516515486,34126.6941563969,32855.6021602466,33121.3178241724,33754.3640783713,33544.5389457877,32381.0739795231,31148.7297405401,30625.1287744656,29492.4145927789,29524.65912789,29200.1952024222,29996.2407223175,30015.9588506697,29256.1833678343,28549.1756060465,28645.9645396284
Brunei Darussalam,BRN,GDP per capita growth (annual %),NY.GDP.PCAP.KD.ZG,1.2515924816352,-0.64060526761881,1.8968766451203,1.62971827418733,-1.67510542923259,-1.67695306815315,2.45784696303623,-5.37503174884661,-5.66095294794741,-3.72462679896589,0.808737769071328,1.91129549119837,-0.62162371685136,-3.46841841572171,-3.80575468176978,-1.68097052571925,-3.69864300009469,0.109331621558866,-1.09895909064488,2.72616506285996,0.0657353317528475,-2.53123842091919,-2.41660968862067,0.339025318690261
Brunei Darussalam,BRN,"Industry (including construction), value added (% of GDP)",NV.IND.TOTL.ZS,66.2665822504809,62.7475892350944,63.0811813132522,66.4844984729556,70.1910452305488,73.153005169136,74.9262615378504,73.3951062711011,76.4320816379343,67.2954813573315,68.6533507031802,73.6724144504971,72.655614353873,70.022444095261,67.8496307805484,61.3627773605269,57.2893638536308,59.7205889692852,63.2448184042319,62.5153210994416,59.1336302400797,62.7015642235623,67.9255854192344,61.7411860091314
,,,,,,,,,,,,,,,,,,,,,,,,,,,
,,,,,,,,,,,,,,,,,,,,,,,,,,,
,,,,,,,,,,,,,,,,,,,,,,,,,,,
Data from database: World Development Indicators,,,,,,,,,,,,,,,,,,,,,,,,,,,
Last Updated: 02/24/2026,,,,,,,,,,,,,,,,,,,,,,,,,,,
